Venue Name,Venue Address,Venue Phone,Venue Neighborhood,Venue Website,special Offer
Allegro Coffee Roasters,404 Tennyson St,(720)630-8157,Berkeley,allegrocoffee.com/acr/#acrtennyson,16oz Specialty Coffee Drink
Amethyst Coffee Co,1111 Broadway,,Golden Triangle,amethystcoffee.co,"One Coffee, Two Ways"
Bellwether,5126 E Colfax Ave,(720)398-9251,Park Hill,bellwether.club,Chico
Black Black Coffee,3459 Ringsby Ct,(720)316-7701,Rino,blackblackcoffee.com,"Pour Over, Espresso, or Cortado"
Black Eye Coffee,800 N Sherman St,(303)955-1205,Capitol Hill,drinkblackeye.com,Espresso Drinks
Boxcar Coffee Roasters,3350 Brighton Blvd,(303)527-1300,Rino,boxcarcoffeeroasters.com,Boilermakr
Coda Coffee Co.,5224 W 25th Ave,(303)773-2632,Edgewater,codacoffee.com,"Espresso Flight, Drop Coffee, Americanos, & Aeropress"
Copper Door Coffee Roasters,932 Jersey St,(720)432-1891,Hilltop,copperdoorcoffee.com,12oz Beverage or Double Shot of Espresso
Corvus Coffee Roasters,1740 S Broadway,(303)715-1740,Platte Park,corvuscoffee.com,"Pour Over, Seasonal, or Traditional Espresso Drink"
Crema Coffee House,2862 Larimer St,(720)284-9648,Rino,cremacoffeehouse.net,Cappuccino
The Denver Bicycle Cafe,1308 E 17th Ave,(720)446-8029,Uptown,denverbicyclecafe.com,Small Drink with Milk and Shot of Espresso
Hooked on Colfax,3213 E Colfax Ave,(303)398-2665,South City Park,hookedoncolfax.com,Coffee Drink or Draft Beer
Huckleberry Roasters - Sunnyside,4301 Pecos St,(866)558-2201,Sunnyside,huckleberryroasters.com,"You Say Gibraltar, We Say Cortado"
Little Owl Coffee,1555 Blake St,,Lodo,littleowlcoffee.com,Espresso
Lula Rose General Store,3434 E Colfax Ave,(303)388-1933,Congress Park,lularosegeneral.com,"Aeropress, Espresso, or Cappuccino"
Luna Gourmet Coffee & Tee Co.,7295 N Washington St,(303)292-5862,North Denver,lunagourmet.com,Specialty Drink
Metropolis Coffee - LoHi,1661 Central St,(720)459-8791,Lohi,metropolisdenver.com,"6oz Aeropress, 4oz Cortado, or 2oz Espresso"
Novo Coffee,"1600 Glenart Pl, 1700 E 6th Ave, 3617 W 32nd Ave","(303)999-0077, (720)524-7732, (303)749-0100","Cherry Creek, Downtown, Highlands",novocoffee.com,Pour Over (Up To $4)
Pablo's Coffee,"630 E 6th Ave, 1300 Pennsylvania St",(303)744-3323,"Alamo Placita, Capitol Hill",pabloscoffee.com,Latte or Drip Coffee
Purple Door Coffee,2962 Welton St,(720)515-6639,Five Points,purpledoorcoffee.com,12oz Latte (with Optional Syrup) Paired with Any Drink
Stowaway Coffee + Kitchen,2528 Walnut St,(720)636-2374,Rino,stowawaydenver.com,Share-O-Press
Sweet Bloom Coffee,1619 Reed St,(303)261-5954,Northeast Lakewood,sweetbloomcoffee.com,Pour Over
Two Rivers Coffee,7745 Wadsworth Blvd,(303)424-1313,Arvada,tworiverscoffee.com,Cortado
Weathervane Cafe,1725 E 17th Ave,(303)355-5863,Uptown,weathervanecafe.com,Lavender Latte
