Venue Name,Venue Address,Venue Phone,Venue Neighborhood,Venue Website,2for1 Offer
Aloy Modern Thai,2134 Larimer St, (303)379-9497,Ballpark,AloyModernThai.com,Draft Beers or House Mai Tais
Atomic Cowboy ,141 S Broadway; 4275 Tennyson St; 3237 E Colfax Ave, (303)377-7900,S Broadway; Tennyson; E Colfax,AtomicCowboy.net/,Drafts
Atticus,1135 E Evans Ave, (303)459-8273,DU,AtticusDenver.com,Any Specialty Cocktails Including Brunch Cocktails
Baere Brewing Company,320 Broadway , (303)733-3354,Baker,BaereBrewing.com,Non-Barrel Aged (10 oz) Pours 
Bar Fausto,3126 Larimer St, (720)445-9691,RiNo,BarFausto.com,"White Sangria, Red Sangria, or Choice of Dad Beers"
Bar Max,2412 E Colfax Ave, (303)333-0003,Congress Park,BarMax.co,Cucumber Martinis
Bear Creek Distillery,1879 S Acoma St, (303)955-4638,Platt Park,BearCreekDistillery.com,Handcrafted Cocktails
BELLWETHER,5126 E Colfax Ave, (720)398-9251,Mayfair,Bellwether.Club,House Cocktail
Blackbird Public House,305 S Downing St, (303)733-3923,W Wash Park,BlackbirdPublicHouse.com,Brunch Old Fashioned or The Elder Bird Cocktail
Blue Island Oyster Bar,2625 E 2nd St, (303)333-2462,Cherry Creek N,BlueIslandOysterBar.com,Mezcal Palomas or Cherry Creek Mules
Call to Arms Brewing Company,4526 Tennyson St, (720)328-8258,Berkeley,CallToArmsBrewing.com,"Tennyson Standard Kolsch, Clintonian Pale Ale, Burkhalter Dunkelweizen, Amigos Borrachos Vienna Lager, Oats and Hose Oatmeal Porter, or Freedom Fries Saison "
Cerebral Brewing,1477 Monroe St, (303)927-7365,Congress Park,CerebralBrewing.com,"Muscle Memory, Rare Trait, Known Entities, or Dark Galaxie"
Colt & Gray,1553 Platte St, (303)477-1447,Riverfront,ColtAndGray.com,Theme & Variation Menu
The Crimson Room,1403 Larimer St, (720)639-6987,Larimer Square,TheCrimsonRoom.com,"Brown Derby, Bees Knees, or House Gimlet"
DAE GEE KOREAN BBQ,827 Colorado Blvd; 460 Broadway, (720)639-9986; (720)542-3164,Congress Park; Baker,DaeGee.com,Dae Gee Pint or Shot of Soju
Dive Inn,1380 S Broadway, (720)242-6157,Platt Park,DiveInnDenver.com,Classic Moscow Mules
Factotum Brewhouse,3845 Lipan St, (720)441-4735,Sunnyside,FactotumBrewhouse.com,Drafts
FIRE Restaurant at the ART Hotel,1201 Broadway, (720)709-4431,Golden Triangle,TheArtHotel.com,"Negroni, Monet's Buck, or Vieux Astuce
"
Former Future Brewing Company,1290 S Broadway, (720)441-4253,Platt Park,EmbraceGoodTaste.com,Pints 
Fort Greene,321 E 45th Ave, (303)362-0197,Globeville,FortGreeneDenver.com,Kingston
Globe Hall,4483 Logan St, (720)668-8833,Globeville,GlobeHall.com/,Mules or Margs
Goldspot Brewing Company,4970 Lowell Blvd, (303)955-5657,Berkeley,GoldspotBrewing.com,Draft Beers
Great Divide Brewing Company Barrel Bar,1812 35th St,(303)296-9460,RiNo,GreatDivide.com,Denver Pale Ale Pints
Homegrown Tap & Dough,1001 S Gaylord St, (720)459-8736,Wash Park,TapandDough.com,Odell or Avery Rotating Draft Beer
Hopdoddy Burger Bar,1747 Wynkoop St, (303)446-2337,LoDo,HopDoddy.com,"Classic Frozen & Doble Fina Margaritas, Mighty Mule, Black Cherry Hard Limeade, or LODO Sweet Tea"
Humboldt farm.fish.wine,1700 Humboldt St, (303)813-1700,Uptown,HumboldtRestaurant.com,Orange is the New Grey or Humboldt Signature Draft Beer 
Illegal Pete's,2001 E Colfax; 270 S Broadway; 1744 E Evans Ave; 1530 16th St,(720)723-2703; (720)287-5233;  (720)974-2198; (303)623-2169,E Colfax; S Broadway; DU; LoDo,IllegalPetes.com,House Specialties
Interstate Kitchen & Bar,1001 Santa Fe Dr, (720)479-8829,Lincoln Park,InterstateRestaurant.com,Whiskey
Jax Fish House Lodo,1539 17th St, (303)292-5767,LoDo,JaxFishHouse.com/LoDo/,House Infusion Cocktails or Oyster Shooters
Laws Whiskey House,1420 S Acoma St, (720)570-1420,Antique Row,LawsWhiskeyHouse.com,Distillery Tours
Leopold Bros.,5285 Joliet St,,NW Denver,LeopoldBros.com,Tours. Must schedule online at LeopoldBros.com in advance. Use code LBSP24116 for The Connoisseur Tour.
Little Machine Beer,2924 W 20th Ave, (303)284-7893,Jefferson Park,LittleMachineBeer.com,Draft Beers
Lola,1575 Boulder St, (720)570-8686,LoHi,LolaDenver.com,House Infusion Cocktails
Luca,711 Grant St, (303)832-6600,Governors Park,LucaDenver.com/,Aperol Spritz or Select Glass of Red or White Wine
MCA Denver Cafe & Bar,1485 Delgany St, (303)298-7554,LoDo,MCADenver.org,Beers or Wines
Mell's Cheese,3000 Zuni St, (303)455-9555,LoHi,MellsCheese.com,"Wine by the Glass, Draft Beers, or Begonia Sangrias"
The Molecule Effect,1201 Santa Fe Dr, (720)502-6966,Santa Fe Art District,TheMoleculeEffect.com,"Specialty Cocktails from ""Mixed Chemistry List"""
Next Door Union Station,1701 Wynkoop St, (720)460-3730,Union Station,TheKitchen.com/Next-Door-Union-Station/,"Kegged Cocktails, Select Beers, or Select Wines"
The Nickel,1100 14th St, (720)889-2128,LoDo,TheNickelDenver.com,Brunch Cocktails or Barrel Bar Cocktails
Nocturne,1330 27th St, (303)295-3333,RiNo,NocturneJazz.com,Barrel Aged Manhattans or Any By-the-Glass Bubbles
Ophelia's Electric Soapbox,1215 20th St, (303)993-8023,Ballpark,OpheliasDenver.com,The Airedale
Our Mutual Friend Brewing,2810 Larimer St, (720)722-2810,RiNo,OMFBeer.com,Pints 
Park & Company,439 E 17th Ave, (720)328-6732,Uptown,ParkandCoDenver.com,Classic Mule
Park Burger,2615 Walnut St; 1890 S Pearl St; 2643 W 32nd Ave;, (720)381-0126; (720)242-9951; (303)862-8461 ,RiNo; Platt Park; Highlands,Parkburger.com,House Draft Beers
Postino WineCafé,2715 17th St,(303)433-6363,LoHi,PostinoWineCafe.com/,Last August Sauvignon Blanc or Victory Brewing Prima Pilsner
Prost Brewing Company,2540 19th St, (303)729-1175,LoHi,ProstBrewing.com,Draft Biers
Rackhouse,2875 Blake St, (720)570-7824,RiNo,TheRackhouse.com,Bierstadt Lagers or C Squared Ciders
range/Teller Bar ,918 17th St, (720)726-4800,Downtown,RangeDowntown.com,"Colorado Beers, Wines, and Spirits"
Ratio Beerworks,2920 Larimer St, (303)997-8288,RiNo,RatioBeerworks.com,"Domestica, Dear You, Repeater, Antidote, or Hold Steady"
Rhein Haus,1415 Market St, (303)800-2652,LoDo,RheinHausDenver.com,Rhein Haus Lagers
Rio Grande Mexican Restaurant,1525 Blake St, (303)623-5432,LoDo,RioGrandeMexican.com,Classic Rio Margs (Frozen or On the Rocks) or Draft Beers
The Rosedale,1135 E Evans Ave, (720)961-0320,DU,TheRosedaleDenver.com,Any Specialty Cocktail Including Brunch Cocktails
Russell's Smokehouse,1422 Larimer St, (720)524-8050,LoDo,RussellsSmokehouse.com/,Old Fashioned or Gold Rush
Sarto's Social Italian Eatery,2900 W 25th Ave, (303)455-1400,Jefferson Park,Sartos.com,"Drafts, Spritzers, or Select Wine"
The Squeaky Bean,1500 Wynkoop St, (303)623-2665,LoDo,TheSqueakyBean.com,"A Weekly, Daily, or Hourly Rotation of Bean Acres Colllins"
Ste. Ellie,1553 Platte St. #120 1/2, (303)477-1447,Riverfront,SaintEllie.com,Theme & Variation Menu
Stranahan's Colorado Whiskey Lounge,200 S Kalamath St, (303)296-7440,Baker,Stranahans.com,Seasonal Cocktails
SugarMill,2461 Larimer St, (303)297-3540,RiNo,SugarmillDesserts.com/,Glass of Wine or Bubbles
Tooey's Off Colfax,1521 Marion St, (303)586-5075,Capitol Hill,Facebook.com/Tooeys.Colfax/,"Old Fashioneds, Negronis, or Mix & Match "
TRVE Brewing Co.,227 Broadway , (303)351-1021,Baker,TrveBrewing.com,Draft Beers
Vesper Lounge,233 E 7th Ave, (720)328-0314,Governors Park,VesperDenver.com/,Tap Cocktails
Vital Root,3915 Tennyson St,,Berkeley,,Colorado Cider Co. Dry Ciders
The Way Back,4132 W 38th Ave, (720)728-8156,Berkeley,TheWayBackDenver.com,"House Old Fashioned, The Way Back Punch, or House Wine"
Whiskey Tango Foxtrot,2907 Huron St, (303)226-1540,Ballpark,WhiskeyTF.com,Bartender Creations or Foxtails
,,,,,
Que Bueno Mexican Grille ,"8500 Peña Blvd, Concourse B", (303)342-3372,NE Denver,MissionYogurt.com,House Margaritas
Timberline Steaks & Grille,"8500 Peña Blvd, Concourse C", (303)342-6670,NE Denver,MissionYogurt.com,Draft Beers